author_id,author_name,author_username,tweet_url,created_at,text,category,score,reasoning
1567132010,„ÇØ„É™„Éó„Éà„Éà„É¨„Ç§„É≥ / CRYPTO TRAIN,https://x.com/blt_s,https://x.com/x/status/1887111959406903740,2025-02-05T12:12:06.000Z,"@PepeMeme_ Hello, your project has great potential and we have ideas to help you take it to the next level. We specialize in promoting crypto projects in Japan and know how to attract an audience and strengthen your position in the market. We are ready to discuss strategy and cooperation‚Ä¶ https://t.co/gQakXRmdLP",Crypto Promotion,6,"The tweet scores +2 for mentioning a project, which can be considered a startup, and +2 for mentioning crypto, but not blockchain specifically. It focuses on promoting a crypto project in Japan, hence the category."
1880749118194143232,CRYPTO MONARCH,https://x.com/MONARCH_WEB2,https://x.com/x/status/1887111957875961862,2025-02-05T12:12:06.000Z,RT @MONARCH_WEB1: Gm guyss.....XGC GOD CANDLE one of the biggest project on crypto spaceüíö https://t.co/882HVvwOuR,Crypto,2,"The tweet mentions 'crypto space' but does not specifically refer to a startup or blockchain, thus scoring low. The category 'Crypto' is chosen due to the mention of cryptocurrency and a project within that space."
1885687087451746304,Jinnat,https://x.com/Jinnat1081433,https://x.com/x/status/1887111948774576156,2025-02-05T12:12:04.000Z,"RT @Diamondxbtee: The leading hub for DeFi innovation, @primex_official.

With the team revealing the project‚Äôs roadmap and upcoming plans,‚Ä¶",DeFi,6,"The tweet scores +4 for mentioning a specific DeFi project, Primex, which is a type of blockchain company. The category 'DeFi' is chosen as the tweet focuses on decentralized finance innovation."
1886410524327657472,zarrin,https://x.com/zarrin1524960,https://x.com/x/status/1887111947872620740,2025-02-05T12:12:03.000Z,"@adabelguerrero MikeToken is the best emerging crypto project with a bright future 
Take a look at its informationüöÄüî•
https://t.co/9Hnks3maZ4
$MKT
@MikeTokenio",Crypto Project,6,"The tweet mentions 'MikeToken,' an emerging crypto project, which suggests it's related to blockchain but not explicitly a startup or company, hence a score of 6. The category 'Crypto Project' reflects the focus on the project's future and its token."
1870741782830432256,Paing Sit Nyein Chan,https://x.com/BsSvf57367,https://x.com/x/status/1887111947125916044,2025-02-05T12:12:03.000Z,"RT @JeanieLash156: Haust presents a second-language project in the GEM format.

‚ûú https://t.co/km91cuEMSA
#vpY2y7a
   
V3qyLDX @camilomonto‚Ä¶",Unknown,1,"The tweet does not mention any startups or blockchain, and the content is unclear and lacks relevant keywords or context, resulting in a low relevance score."
1862730997126860800,John Roberts,https://x.com/JohnRob28973609,https://x.com/x/status/1887111943002923219,2025-02-05T12:12:02.000Z,"RT @linera_io: ‚õìÔ∏è Gmicrochains. It‚Äôs been a monumental year for Linera.

As we wrap up 2024, we‚Äôre taking a look back at the milestones, pa‚Ä¶",Blockchain Startup,8,"The tweet mentions 'Linera,' a blockchain startup, and references 'microchains,' indicating blockchain technology, which justifies the 'Blockchain Startup' category and a score of 8 due to the direct mention of a blockchain startup."
1241767881370742784,Alice Hailey üë±üèº‚Äç‚ôÄÔ∏è,https://x.com/alicehailey__,https://x.com/x/status/1887111934006149468,2025-02-05T12:12:00.000Z,"@fortknox0423 Your project is impressive‚Äîlet‚Äôs make sure everyone in the crypto world knows about it! 
https://t.co/Cl3oLEKQ3m",Crypto,6,"The tweet scores 2 for mentioning a project in the crypto world, and an additional 2 points for the crypto context, totaling 6. The category 'Crypto' is chosen as it directly references the crypto world without specifying blockchain or a startup."
1868634112702943232,TTaturana Silva | TropadaDrih,https://x.com/3wvOt30666,https://x.com/x/status/1887111933398012013,2025-02-05T12:12:00.000Z,"RT @maye_deirdre: The company Haust presents a second-language project in the GEM format.

‚ûú https://t.co/WPbsg5B80j
   
AzEQS6E @brc20_ord‚Ä¶",Tech,1,"The tweet does not explicitly mention blockchain or a startup, leading to a low relevance score. It references a 'company' and a 'project in the GEM format,' which suggests a tech context but lacks specific details about blockchain or startup involvement."
777994148,Duaverie,https://x.com/Duaverie,https://x.com/x/status/1887111928889164149,2025-02-05T12:11:59.000Z,"RT @harto_fr: gm for the culture üüß

The first edition on the blockchain of ""White nights"" by Dostoevsky is launching in a few hours on Insc‚Ä¶",Blockchain,6,"The tweet mentions the blockchain and a launch related to a book, which adds relevance but does not explicitly mention a startup or company. The score reflects the blockchain mention and the cultural context of the launch."
988975304180883456,"dolor211|Anomage| Atleta|$GOD |(√ò,G)| Reddio",https://x.com/dolor211,https://x.com/x/status/1887111923822715281,2025-02-05T12:11:58.000Z,"RT @QuantumTon: üåì Partnership Announcement: Quantum AI x HorseGo!

We're excited to introduce our collaboration with @HorseGoTon !

üèá Horse‚Ä¶",Partnership,1,"The tweet does not mention blockchain or startups directly, hence the low score. It discusses a partnership between Quantum AI and HorseGo, which is why it's categorized as 'Partnership'."
1870803130679545856,Nicol√°s Mladinic,https://x.com/3VZnBTtJ182758,https://x.com/x/status/1887111922190872733,2025-02-05T12:11:57.000Z,"RT @JulissaSto61423: The company Haust presents a second-language project in the GEM format.

‚ûú https://t.co/mT5VFghrsV
   
Fz142XS @logany‚Ä¶",Language,1,"The tweet does not mention blockchain or startups, focusing instead on a second-language project in the GEM format, hence the low relevance score and the 'Language' category."
1861028089654067200,Oanh Tu,https://x.com/Tyetnhu123,https://x.com/x/status/1887111919414460786,2025-02-05T12:11:57.000Z,"RT @BuildOnLumia: Introducing Lumia Towers, the first ever crypto real-estate development with not one, but TWO skyscrapers. And the best p‚Ä¶",Crypto Real-Estate,6,"The tweet scores 6 due to its mention of 'crypto real-estate', which is closely related to blockchain technology, thus earning +4 for relevance. The category 'Crypto Real-Estate' is chosen as it directly references the tweet's focus on a new development project involving cryptocurrency."
1759029772515192832,Khabib Palte,https://x.com/palte81170,https://x.com/x/status/1887111915882885616,2025-02-05T12:11:56.000Z,"RT @linera_io: ‚õìÔ∏è Gmicrochains. It‚Äôs been a monumental year for Linera.

As we wrap up 2024, we‚Äôre taking a look back at the milestones, pa‚Ä¶",Blockchain Startup,6,"The tweet mentions 'Linera', a blockchain startup, and includes blockchain-related terms like 'microchains', justifying the 'Blockchain Startup' category and a score of 6 due to the explicit mention of a blockchain startup."
1708465785360785408,Francis | $MADüî∫ INK Finance $QUILL üöÄDAOBase,https://x.com/FRANCISUGW1930,https://x.com/x/status/1887111913831608747,2025-02-05T12:11:55.000Z,"RT @AiWhitebridge: ‚öïÔ∏è @chainhealthai  x WhiteBridge Network ü§ñ

We‚Äôre teaming up with ChainHealth to accelerate the adoption of AI-powered h‚Ä¶",Blockchain Health,6,"The tweet mentions 'ChainHealth', indicating a blockchain company focused on health, which adds 4 to the score. The collaboration with AI further contextualizes it as a health-focused blockchain initiative."
1793256082627801088,RadTard,https://x.com/MrRadTard,https://x.com/x/status/1887111912745218393,2025-02-05T12:11:55.000Z,"""Serum, Raydium, and more! üöÄ Which Solana DeFi project do you think has the most potential? Like, retweet, and share your pick! #Solana #DeFi""",DeFi,6,"The tweet mentions multiple DeFi projects on the Solana blockchain, which adds relevance. Although it doesn't specifically mention a startup or company, the focus on DeFi projects within the Solana ecosystem warrants a score of 6."
1485944762494554112,utku (erc-0/acc),https://x.com/uputkucrypto,https://x.com/x/status/1887111910685892624,2025-02-05T12:11:55.000Z,"erc-0 will make people think of ethereum as the blockchain that is powering the next banking system not some L2 provider bs

thinking outside the box is what will save ethereum

not launching L2 after L2 and dividing the users onto other chains

contracts on chain will save eth",Ethereum,6,"The tweet discusses Ethereum's potential role in future banking systems and criticizes the use of Layer 2 solutions, indicating a focus on Ethereum's core blockchain. It scores +2 for mentioning blockchain and an additional +4 for the context around Ethereum's potential as a standalone banking system."
1886822056190468098,Nukko,https://x.com/gsjab130937,https://x.com/x/status/1887111906219155757,2025-02-05T12:11:53.000Z,"RT @Vitaminiai: üöÄ VitaminAI x Bion Partnership Announcement! üöÄ

We're thrilled to partner with Bion, the pioneering Web3 shopping &amp; lifesty‚Ä¶",Web3 Partnership,6,"The tweet scores 6 due to the mention of a partnership between VitaminAI and Bion, which is involved in Web3, but does not explicitly mention blockchain or startups. The category 'Web3 Partnership' reflects the focus on a collaboration in the Web3 space."
1822226095384428544,Kiel White,https://x.com/KielW34809,https://x.com/x/status/1887111905678168275,2025-02-05T12:11:53.000Z,@ProspectSportsX @AbstractChain @Metaverse_HQ Building the future of Web3 one mission at a time. Let's go!,Web3,6,"The tweet mentions building the future of Web3, which is related to blockchain technology, hence a score of 2 for mentioning blockchain. It also references multiple entities, suggesting a collaborative effort towards a common goal in Web3, justifying the category."
1556241025970180097,Nathan Lee,https://x.com/natblockchain,https://x.com/x/status/1887111905497555336,2025-02-05T12:11:53.000Z,"RT @DigiTektrades: Litas $LT Airdrop Alpha
This is Time Sensitive!

If you missed $SOSO, don't miss this
‚åõ 4 minutes
üí∞Cost: $0 fees
üíØFundin‚Ä¶",Airdrop,3,"The tweet mentions an airdrop for 'Litas $LT' and is time-sensitive, but does not explicitly mention a startup or blockchain, thus scoring low. The category 'Airdrop' is chosen as the tweet's main focus is on promoting a cryptocurrency airdrop."
2711190816,PaULa üàπÔ∏èüà≤Ô∏è,https://x.com/BigPaul0x,https://x.com/x/status/1887111899881566658,2025-02-05T12:11:52.000Z,"RT @Spectre__AI: We‚Äôre excited to welcome Krzysztof (KD), a Full-Stack and Blockchain Engineer with 15 years of experience, to the Spectre‚Ä¶",Blockchain,6,"The tweet scores +2 for mentioning blockchain and +2 for mentioning a startup, as 'Spectre' can be inferred as a startup from the context. The category 'Blockchain' is chosen due to the mention of a blockchain engineer."
1883386230190276608,albertmax,https://x.com/albertmax362738,https://x.com/x/status/1887111894466498989,2025-02-05T12:11:51.000Z,"RT @DeepLinkGlobal: Here is a recap of the January DeepLink Integrations. Looking forward to more growth with our new partners. ü§ù

@Cuta_Ga‚Ä¶",Partnerships,2,"The tweet does not mention a startup or blockchain directly but focuses on partnerships and growth, hence the category 'Partnerships'. The score is low as it does not meet the criteria for mentioning startups or blockchain explicitly."
1818242808165089280,"BlackHunter|Kaisar into|$ODY|$EVER|(‚ú∏,‚ú∏)| Mango.g",https://x.com/blackhunter2028,https://x.com/x/status/1887111889110381038,2025-02-05T12:11:49.000Z,"RT @KorProtocol: Revelator is building on KOR to bridge onchain music to Spotify &amp; other DSPs

üî∂@GetRevelator is a leading solutions provid‚Ä¶",Blockchain Music,8,"The tweet mentions Revelator building on KOR, which is a blockchain platform, and focuses on music distribution, hence the category. The score reflects +4 for mentioning a blockchain company (Revelator) and an additional +4 due to the innovative use of blockchain in music distribution."
1384124719863980032,Sasha,https://x.com/BenevAleksandar,https://x.com/x/status/1887111888854487513,2025-02-05T12:11:49.000Z,"I hate the current state of crypto and especially some of the ""investors""

Why can't you hold a project for more than 30 minutes?",Crypto,2,"The tweet mentions crypto and investors but does not specifically mention a startup or blockchain, hence the low score. The category 'Crypto' is chosen as the tweet focuses on the dissatisfaction with the current state of cryptocurrency and short-term investment behaviors."
1881185801796829185,Md Rubel,https://x.com/MdRubel6060,https://x.com/x/status/1887111886136619121,2025-02-05T12:11:49.000Z,"RT @worldofdypians: We‚Äôre excited to kick off the $50,000 $WOD Token Airdrop Campaign with @BinanceWallet, running until February 6!

Compl‚Ä¶",Crypto Airdrop,6,"The tweet mentions a $50,000 token airdrop campaign involving $WOD tokens and Binance Wallet, which is relevant to the crypto space but does not explicitly mention a startup or blockchain, hence the score of 6. The category 'Crypto Airdrop' reflects the tweet's focus on a token distribution event."
1796120991695060993,OpikusJR,https://x.com/opikts,https://x.com/x/status/1887111885918491107,2025-02-05T12:11:49.000Z,"RT @DeepseekT: üöÄ Deepseek AI Token is Now Live on @pinkecosystem ! üî•

The moment has arrived! Deepseek AI Token is officially launching on‚Ä¶",Crypto Launch,6,"The tweet scores 4 points for mentioning a token launch on a platform, which implies a blockchain context, and an additional 2 points for the excitement and promotion of the event. The category 'Crypto Launch' is chosen as it directly relates to the launch of a new token."
1793256082627801088,RadTard,https://x.com/MrRadTard,https://x.com/x/status/1887111881287962938,2025-02-05T12:11:47.000Z,"""The Solana ecosystem is growing faster than ever. üå± What project are you most excited about right now? Let‚Äôs hear it! üëá #Solana #Crypto""",Blockchain,6,"The tweet mentions 'Solana', which is a blockchain platform, earning it +2 for mentioning blockchain. It also discusses the growth of the Solana ecosystem, which implies the involvement of various projects but does not specifically mention a startup or company, hence no additional points for those categories."
1653878498690473984,‚òïüòÉüåÑ,https://x.com/akegatayo,https://x.com/x/status/1887111880054813062,2025-02-05T12:11:47.000Z,"RT @thelightjust: „ÄêCrypto Project„Äë

&lt;„Éó„É¨„Çº„É≥„ÉàÂÜÖÂÆπ&gt;
„Éª‰ªÆÊÉ≥ÈÄöË≤®(„Éì„ÉÉ„Éà„Ç≥„Ç§„É≥„ÄÅ„É™„ÉÉ„Éó„É´„ÄÅ„Ç§„Éº„Çµ„É™„Ç¢„É†)
„ÉªÁèæÈáë
„ÉªPayPay
„Éª„Ç¢„Éû„ÇÆ„Éï

„Åì„ÅÆ‰∏≠„Åã„Çâ20‰∏áÂÜÜÂàÜ„Çí3ÂêçÊßò„Å´„Éó„É¨„Çº„É≥„ÉàüéÅ

&lt;ÂèÇÂä†Êù°‰ª∂&gt;
„ÉªÊäïÁ®ø„Çí„Äå„ÅÑ„ÅÑ„Å≠RT„Äç
‚ÄªÂºïÁî®RT„Åó‚Ä¶",Crypto Giveaway,3,"The tweet mentions a giveaway involving cryptocurrencies like Bitcoin, Ripple, and Ethereum, but it does not specifically mention a startup or blockchain technology directly, hence the lower score. The category 'Crypto Giveaway' reflects the main focus of the tweet on offering prizes in digital currencies."
1043413955312533504,Blockchain Game Alliance,https://x.com/BGameAlliance,https://x.com/x/status/1887111879803461838,2025-02-05T12:11:47.000Z,"üóûÔ∏è The BGA February Mag is now live!

Read the latest web3 gaming updates from members building the future of gaming.

Discover:

üéÆ The hottest Web3 games as we talk to¬†Jenna greenfiled co-founder of @Wanderers

üõ†Ô∏è Seamless onboarding with @Hyperplay

üìà Why top gaming companies‚Ä¶ https://t.co/YoQES95Lp2 https://t.co/vkGkcBlC5t",Web3 Gaming,6,"The tweet scores 2 for mentioning 'Wanderers', a startup, and an additional 2 for mentioning 'Web3', which is related to blockchain technology. The category 'Web3 Gaming' is chosen as the tweet focuses on updates and discussions about Web3 gaming."
1500892159305785349,CRYPTO DADDY Ô£ø,https://x.com/cryptodaaddy,https://x.com/x/status/1887111874157613250,2025-02-05T12:11:46.000Z,"RT @0xCygaar: Something that I miss from the 2021/22 era of crypto was the amount of onchain experimentation happening.

We used to have ne‚Ä¶",Crypto,6,"The tweet scores 6 due to its mention of 'onchain experimentation' in the context of crypto, indicating a connection to blockchain technology. The category 'Crypto' is chosen as it broadly encompasses the tweet's focus on cryptocurrency and blockchain activities during a specific era."
1885660140717694976,Usman Ayomide,https://x.com/UsmanAyomi98409,https://x.com/x/status/1887111867350286733,2025-02-05T12:11:44.000Z,@TakerProtocol The best crypto project out there,Crypto Project,6,"The tweet mentions 'crypto project', which is closely related to blockchain, earning +2 for blockchain mention. The reference to 'TakerProtocol' suggests a specific project, but it's not explicitly stated as a startup, so no additional points for that. The score reflects the crypto context and the project mention."
1855678697820299264,NYUUMI ‰π≥Êú™,https://x.com/0xMilker,https://x.com/x/status/1887111866855428373,2025-02-05T12:11:44.000Z,"@AltcoinGordon Hey @AltcoinGordon! üåü Berachain is an exciting new blockchain project that's making waves in the crypto space! It's designed to enhance DeFi innovation and provide liquidity security, all while empowering communities.",Blockchain Project,8,"The tweet scores +2 for mentioning 'blockchain' and an additional +2 for referring to 'Berachain' as a new project, which implies a startup-like initiative. The category 'Blockchain Project' reflects the focus on Berachain as a new blockchain initiative aimed at enhancing DeFi and community empowerment."
1187322717500039168,TaoMachine,https://x.com/TaoMachine,https://x.com/x/status/1887111864544542875,2025-02-05T12:11:44.000Z,"üåü Excitement in the $TAO community! With Bittensor reimagining the intersection of AI and crypto, we're witnessing a transformative shift. ü§ñüí∞ What are your thoughts on the future of decentralized AI? Let's hear your predictions! üîÆ #Bittensor #CryptoFuture @opentensor",Crypto AI,6,"The tweet mentions Bittensor, which is involved in AI and crypto, earning +2 for blockchain mention and +2 for the AI context, though not explicitly a startup. The score reflects the tweet's focus on the transformative potential of decentralized AI in the crypto space."
1841374602204758016,Jacob,https://x.com/jacmelvencoins,https://x.com/x/status/1887111863424385120,2025-02-05T12:11:43.000Z,"RT @AiWhitebridge: ‚öïÔ∏è @chainhealthai  x WhiteBridge Network ü§ñ

We‚Äôre teaming up with ChainHealth to accelerate the adoption of AI-powered h‚Ä¶",Blockchain Health,8,"The tweet scores +4 for mentioning ChainHealth, a blockchain company focused on health, and +2 for referencing blockchain technology. The category 'Blockchain Health' reflects the tweet's focus on the collaboration between ChainHealth and WhiteBridge Network to advance AI in healthcare."
1543363340571123712,T√πng Crypto $CRL #CRLArmy,https://x.com/vutungpi,https://x.com/x/status/1887111862632006083,2025-02-05T12:11:43.000Z,"RT @klinkfinance: $Klink | Official Litepaper Release üì¢

As we approach our February TGE, we‚Äôre excited to release the $KLINK Litepaper, sh‚Ä¶",Crypto Startup,6,"The tweet mentions a startup, Klink Finance, and indicates an upcoming Token Generation Event (TGE), which suggests it's a crypto startup. The score is adjusted to 6 as it implies a blockchain context without explicitly mentioning 'blockchain'."
1640557336753324034,"Hapha_Joylene -CLONE (‚ú∏,‚ú∏)",https://x.com/Chelsey_Smith1,https://x.com/x/status/1887111860899521003,2025-02-05T12:11:43.000Z,"RT @Chelsey_Smith1: Dive in for @SaharaLabsAI Legends 
‚úÖCost : $0
‚úÖFunding: $43M
üëâSahara AI is a decentralized AI Blockchain platform for a‚Ä¶",Blockchain AI,8,"The tweet mentions Sahara AI, which is described as a decentralized AI Blockchain platform, earning +4 for referring to a blockchain company. The score is adjusted to 8 due to the relevance of the funding and cost information provided."
754417586079531008,Beau Roode,https://x.com/RoodeBeau,https://x.com/x/status/1887111858521321819,2025-02-05T12:11:42.000Z,@AltcoinDailyio Steadily building in the background!  The time will come when the cream will rise to the top!  A lot of great developments going on yet many crypto influencers and VC‚Äôs just keep throwing shade!  Time will tell the truth!,Crypto,3,"The tweet references crypto developments and influencers, but does not mention a specific startup or blockchain directly, hence the lower score. The category 'Crypto' was chosen due to the mention of crypto and the context of developments in the crypto space."
1328741678824427521,Web3 Alien üëΩ,https://x.com/Web3decent,https://x.com/x/status/1887111856268902685,2025-02-05T12:11:42.000Z,"2Ô∏è‚É£ Set Up a Web3 Wallet

üîπ MetaMask (Most popular for Ethereum &amp; EVM chains)
üîπ Trust Wallet (Good for multi-chain support)
üîπ Phantom (For Solana users)
üîπ Keplr (For Cosmos ecosystem) 

Keplr wallet is currently being used by @AndromedaProt  project on RiseIN https://t.co/o6T9u3sS0U",Web3 Wallet,4,"The tweet scores 2 points for mentioning the blockchain-related term 'Web3' and another 2 points for referencing the AndromedaProt project, which is likely a blockchain startup. The category 'Web3 Wallet' is chosen as the tweet primarily discusses different Web3 wallets and their uses."
1867147765182263296,NFts Name Service ‚õµ,https://x.com/Bw7kFa12284,https://x.com/x/status/1887111855144853919,2025-02-05T12:11:41.000Z,"RT @ChanelC50418: Haust presents an L2 project in the format of GEM.

‚ûú https://t.co/qgCJeNflAy
#6AwEv90
   
94z3p29 @owaiswagay123 @Jaysmy‚Ä¶",L2 Project,2,"The tweet mentions an L2 project but does not explicitly reference a startup or blockchain, leading to a low score. The category 'L2 Project' is derived from the mention of 'an L2 project in the format of GEM' within the tweet."
1516398364249796615,Alexanderacho_,https://x.com/Alexanderacho__,https://x.com/x/status/1887111849264497102,2025-02-05T12:11:40.000Z,"Want to earn points and help build bridgeless Bitcoin DeFi?

Join me: https://t.co/SbVfrhR5Vg #JoinArch",Bitcoin DeFi,6,"The tweet scores 4 for mentioning Bitcoin and DeFi, which are related to blockchain, and an additional 2 for the context of building a project. The category 'Bitcoin DeFi' reflects the tweet's focus on earning points and building in the Bitcoin DeFi space."
1240125968318160901,Luis,https://x.com/Luis52770310,https://x.com/x/status/1887111844772364668,2025-02-05T12:11:39.000Z,RT @code78887916: @cozypront üöÄ Welcome to the all-in-one Multi Modal AI platform! Dive into a world of possibilities with our Telegram Mini‚Ä¶,AI Platform,1,"The tweet mentions an AI platform but does not reference startups or blockchain, resulting in a low relevance score. The category 'AI Platform' is derived from the mention of a 'Multi Modal AI platform' in the tweet."
1649458916344954887,MariA AndreW,https://x.com/Maria_andrew0,https://x.com/x/status/1887111842972999906,2025-02-05T12:11:38.000Z,"You still have a great chance of recovering your scammed assets. Contact this company @WSVENSON_DEFI for help. Blockchain investigation‚Äôs, blockchain forensic and tracking scammed funds. https://t.co/hSQBf9Guu0",Blockchain Recovery,6,"The tweet scores +4 for mentioning a blockchain company (@WSVENSON_DEFI) and an additional +2 for the focus on blockchain-related services like investigation and forensic tracking, totaling 6. The category 'Blockchain Recovery' reflects the tweet's emphasis on recovering scammed assets through blockchain technology."
1658227620742561792,CMCOMMUNITY,https://x.com/CM_Community19,https://x.com/x/status/1887111831665389653,2025-02-05T12:11:36.000Z,"FUFUFAFA WALLET IS HERE! 
We are thrilled to announce the launch of FUFUFAFA WALLET, a revolutionary project that‚Äôs set to transform how you transact in the crypto world!

üî• Why Choose FUFUFAFA?

True Decentralization: Full control is in your hands!
Top-Level Security: Your‚Ä¶ https://t.co/jyRg6H2LD0 https://t.co/NTJB7owdTk",Crypto Wallet,6,"The tweet scores 4 points for mentioning a blockchain-related product, FUFUFAFA WALLET, and is adjusted to 6 for its relevance to cryptocurrency transactions. The category 'Crypto Wallet' is chosen as the tweet focuses on the launch and features of a new wallet."
1876231083542585344,Gavun WUD Agent,https://x.com/gavunwud_agent,https://x.com/x/status/1887111829890978025,2025-02-05T12:11:35.000Z,"@Wizard_Of_Alt Morning, Crypto enthusiasts.  As the sun rises on another day in the digital realm, remember that while others chase flashy metrics, we're building the infrastructure for a truly decentralized future.  Dive into the conversation and explore the depths of innovation.",Decentralization,6,"The tweet scores 6 due to its focus on building infrastructure for a decentralized future, which indirectly relates to blockchain technology. The category 'Decentralization' is chosen as the tweet emphasizes the development of decentralized systems without directly mentioning startups or specific blockchain companies."
1873499121975496704,Larry Romero,https://x.com/LarryR52421,https://x.com/x/status/1887111827961569330,2025-02-05T12:11:35.000Z,Web3's hidden gems are the algorithmic lenders quietly building financial bridges between traditional and digital realms,Web3 Finance,6,"The tweet mentions 'Web3' and 'algorithmic lenders', which implies a connection to blockchain technology in finance, though it does not directly mention a startup or company. The score reflects the relevance to blockchain in financial contexts."
1699467248648527872,Tula Joyce,https://x.com/JoyceTula72840,https://x.com/x/status/1887111827185713538,2025-02-05T12:11:35.000Z,"Haust presents a second-language project in the GEM format.

‚ûú https://t.co/svJTtndDpp
   
D9D947e @fren_airdrop @arteezzykoolnft @CRYPTO_HONKERS @KevinFKeveryone @Sukirma06373452 @aliyaw30 @ErickCryptoGo @BlondeeHolly @zoel_fahmy @fal_adams",Airdrop,1,"The tweet does not mention a startup or blockchain directly but includes tags related to airdrops and crypto, suggesting a focus on cryptocurrency distribution. The score is low because it lacks specific references to startups or blockchain technology."
1697460296858656768,bxdeQOEUKA‚ù§ Memecoin,https://x.com/JoslynEtha6521,https://x.com/x/status/1887111825847685416,2025-02-05T12:11:34.000Z,"Haust presents an L2 project in the format of GEM.

‚ûú https://t.co/LzwPu7WKwy
   
N1j346A @0xVikingCrypto @Crypto_DAOs @dondake @jams2blues @A_K_Azazi @KangwaneBonga @Alphena00 @maxlomu @CurrencySunda @MartinOnTheSun",Blockchain,6,"The tweet scores +2 for mentioning blockchain through the term 'L2 project', which refers to a layer 2 blockchain solution. The category 'Blockchain' was chosen due to the mention of 'L2 project' and 'GEM', which are associated with blockchain technology."
1695899191560589312,ylXMZebxur‚ù§ Memecoin,https://x.com/LKittie60630,https://x.com/x/status/1887111825566699587,2025-02-05T12:11:34.000Z,"The company Haust presents an L2 project in the format of GEM.

‚ûú https://t.co/OFpPhWSJnV
   
hCusMyv @GLOfficial__ @Crypto_IPSec @miladkrn @amu4biz @MinhAltair @ikramulislam523 @PulsarSwap @THV15ME @ono742341552501 @EdenCptl",Blockchain Startup,6,"The tweet scores 4 points for mentioning 'Haust', a company working on an L2 project, which implies a blockchain startup. An additional 2 points are added for the explicit mention of blockchain through the term 'L2 project', totaling to a score of 6."
1845307378968952833,Amanda Sampson,https://x.com/AmandaSampgi,https://x.com/x/status/1887111825554325604,2025-02-05T12:11:34.000Z,Web3's hidden gem is quietly building a parallel economy where trustless lending meets yield farming and liquidity becomes a limitless frontier,Web3,6,"The tweet mentions Web3 and related concepts like trustless lending and yield farming, but does not explicitly mention a startup or blockchain, hence the score is adjusted to 6. The category 'Web3' is chosen as it directly references the main subject of the tweet."
1755672406641782784,Wellington,https://x.com/newRoganold,https://x.com/x/status/1887111824404840457,2025-02-05T12:11:34.000Z,"RT @sharojerd: @ton_blockchain Create your own token and your own community on #TON by using @ChainFactoryapp launchpad!!
https://t.co/2o03‚Ä¶",Blockchain Startup,8,"The tweet mentions @ton_blockchain and @ChainFactoryapp, indicating a blockchain startup or company, which earns +4 points. The relevance score is adjusted to 8 due to the specific mention of creating tokens and communities on TON, adding context to the blockchain startup ecosystem."
1458825723045715970,"Greg$RVV *,* CLONE kaisar (√ò,G) ‚õ∫",https://x.com/whoisuglyy,https://x.com/x/status/1887111818910343437,2025-02-05T12:11:33.000Z,"@mr_cbillionaire Wow, a once-a-year chance? That‚Äôs rarer than finding a unicorn at a blockchain party! Meanwhile, at PublicAI, we‚Äôre all about making data magic happen every day! ü¶Ñüíª",Blockchain AI,6,"The tweet mentions blockchain and also refers to PublicAI, suggesting an AI company involved with blockchain, hence the category. The score is derived from +2 for mentioning blockchain and +2 for implying a startup (PublicAI), with an additional +2 for the unique blend of AI and blockchain contexts."
1241767881370742784,Alice Hailey üë±üèº‚Äç‚ôÄÔ∏è,https://x.com/alicehailey__,https://x.com/x/status/1887111818683793910,2025-02-05T12:11:33.000Z,"@When_on_sol Let‚Äôs get your crypto project in front of the right audience‚ÄîDM me! 
https://t.co/Cl3oLEKQ3m",Crypto Marketing,6,The tweet scores 2 for mentioning a crypto project and an additional 2 for the implied marketing service aimed at crypto projects. The category 'Crypto Marketing' reflects the tweet's focus on promoting a crypto project to a targeted audience.
1649458916344954887,MariA AndreW,https://x.com/Maria_andrew0,https://x.com/x/status/1887111817349976147,2025-02-05T12:11:32.000Z,"@firstwin_win @BenjaminOnIP You still have a great chance of recovering your scammed assets. Contact this company @WSVENSON_DEFI for help. Blockchain investigation‚Äôs, blockchain forensic and tracking scammed funds.",Blockchain Recovery,6,"The tweet mentions blockchain and refers to a company specializing in blockchain investigation and recovery services, thus earning points for both blockchain and company references. The score reflects the relevance to blockchain recovery services mentioned in the tweet."
1784681370683330560,fangx,https://x.com/flexzy2024,https://x.com/x/status/1887111806419710304,2025-02-05T12:11:30.000Z,@UdegbunamFavou3 @dr_crypto_calls @RaymanMeme Don't fade this project $RAY,Crypto,3,"The tweet mentions a crypto project with the symbol $RAY, which adds relevance but does not specifically mention a startup or blockchain, hence the lower score. The category 'Crypto' is chosen due to the reference to a cryptocurrency project."
1690720751312072705,Jenine Mozelle,https://x.com/JMozelle53693,https://x.com/x/status/1887111806147002512,2025-02-05T12:11:30.000Z,"New GEM project that complies with L2 standards #Haust.

‚ûú https://t.co/ZyeHfv8y6I
   
CFwO019 @VadimCryptoInv @PaulEGilbert @tiamobtc @SSJ2_Spartan @HeeYeoSoHOT @yugenioo @superbitmaneth @jacqbothma @EMBRANDTSounds @blockchain_mizu",Crypto,2,"The tweet mentions a new project called 'GEM' and uses blockchain-related hashtags, but does not explicitly mention a startup or a blockchain company, hence the low score. The category 'Crypto' is chosen due to the project's compliance with L2 standards and the blockchain-related tags."
1698815974135226369,Ji Neda,https://x.com/ji_neda26086,https://x.com/x/status/1887111802154107265,2025-02-05T12:11:29.000Z,"GEM Haust : a pioneering L2 project..

‚ûú https://t.co/EsCb5tKsYt
   
13jy4Vc @JohnBillingsley @DarmoweK @__VladoSSS__ @GuN3RZz @web3_honeytrap @67585891sd @Silvaserger @omathehero @dengfeng33 @admen_vc_2",L2 Project,6,"The tweet mentions 'GEM Haust' as a pioneering L2 project, which suggests a focus on layer 2 blockchain technology, thus justifying the category. The score of 6 is derived from the mention of a blockchain-related project, but it does not explicitly mention a startup or company, hence the score is adjusted accordingly."
1170641808,ùóóùóòùó®ùó¶‚Ñ¢üí®,https://x.com/MairaAlegria55,https://x.com/x/status/1887111800014979239,2025-02-05T12:11:28.000Z,"@0xSweep üöÄ Crypto‚Äôs first REAL political movement is HERE. Forget hype‚Äî$TRUMP is building the future of PoliFi. 4 chains, big burns, real impact. Let‚Äôs GO!
@MAGAMemecoin #MagaMemeCoin #OriginalTrump https://t.co/T54xPGS5Wy",PoliFi,6,"The tweet scores 6 due to its mention of 'PoliFi' and blockchain-related terms like '4 chains', but it does not explicitly mention a startup or company, hence no additional points for those criteria. The category 'PoliFi' is chosen as the tweet focuses on a political movement within the crypto space."
1885934466918686720,Joshua Martinez,https://x.com/martinez_j89363,https://x.com/x/status/1887111794482635255,2025-02-05T12:11:27.000Z,Web3's hidden gems are being unearthed by innovators who see beyond the hype and focus on building real-world applications,Web3,6,"The tweet scores 6 due to its focus on Web3 and innovators building real-world applications, which implies a startup context without explicitly mentioning 'startup' or 'blockchain'. The category 'Web3' is chosen as it directly references the technology discussed."
1702454875034963968,Jeri Ta,https://x.com/JeriTa13182,https://x.com/x/status/1887111792389738850,2025-02-05T12:11:26.000Z,"GEM Haust : an innovative L2 project..

‚ûú https://t.co/E1MsA92ioG
   
R6tH82F @VishalAchanta @KateAuber @andydeeppixels @generalsatoshi @kyleshortstax @Obie_Dobo @Lexicpy @I_talk_crypto @safan365 @wolverinv2",L2 Project,6,"The tweet mentions 'GEM Haust' as an innovative L2 project, which implies a blockchain-related initiative but does not explicitly state it is a startup or company, hence the score of 6. The category 'L2 Project' reflects the tweet's focus on a Layer 2 solution within the blockchain ecosystem."
1429024170071924740,"Ngatemotoin 'Reddio' (√ò,G) ü¶ôüî•",https://x.com/ngatemotoin,https://x.com/x/status/1887111792373235729,2025-02-05T12:11:26.000Z,"RT @Cointel_Service: Incredible strategic partnerships.ü§ù

Together, we're revolutionizing #Crypto¬†investing. https://t.co/1b564BcBLN",Crypto,6,"The tweet mentions 'Crypto investing' which suggests a focus on cryptocurrency, earning it a score of 2 for relevance to blockchain. No specific startup or company is named, but the mention of strategic partnerships implies business activity in the crypto space, justifying an additional 4 points for context."
1461973326050603010,Defi_investor89,https://x.com/DefiInvestor89,https://x.com/x/status/1887111791177609374,2025-02-05T12:11:26.000Z,"RT @CryptoAlgebra: ü•á 1Swap is launching on @bitfinitynet EVM! üíò

Powered by Algebra Integral, this next-gen DEX brings:
üî∏ First Modular CLA‚Ä¶",DEX Launch,8,"The tweet scores 8 due to mentioning a next-gen DEX (decentralized exchange) called 1Swap launching on bitfinitynet EVM, which implies a blockchain context. The category 'DEX Launch' reflects the focus on the launch of a new decentralized exchange platform."
1501049971558297604,Alison expert sol,https://x.com/DeveloperJubril,https://x.com/x/status/1887111790552662381,2025-02-05T12:11:26.000Z,"@Apu_Cryptobar Hello üëã 
I  specialise  in creating 2D or 3D ANIMATION VIDEOS  maybe to promote your BLOCKCHAIN, ICO, CRYPTO, DEFL, ENTHRUM,  BITCOIN, NFT, project ? 
Create the best professional 2D or 3D animation explainer videos that will engage your audience 

I can send you samples ! Dm",Blockchain,6,"The tweet mentions blockchain and related terms like ICO, crypto, and NFT, which adds to the relevance score. However, it does not specifically mention a startup or company, thus not qualifying for the highest score."
1879835340074262528,@oleyasi,https://x.com/tamayo_nik30509,https://x.com/x/status/1887111789886005723,2025-02-05T12:11:26.000Z,"RT @qpatcha: üöÄ $KIKI isn‚Äôt just a memecoin‚Äîit‚Äôs a movement. üê±üî•

@KIKIcatofficial &amp; @ApeVenturesVC are building something way bigger than hy‚Ä¶",Memecoin,2,"The tweet mentions $KIKI as a memecoin and a movement, but does not explicitly mention a startup or blockchain, thus scoring low. The category 'Memecoin' is chosen due to the tweet's focus on $KIKI as a memecoin."
1884038556156649472,Jill Haney,https://x.com/JillHaney393139,https://x.com/x/status/1887111789181284373,2025-02-05T12:11:26.000Z,DeFi's next wave is quietly building a decentralized credit network where users can borrow and lend assets without intermediaries,DeFi,6,"The tweet scores 6 due to its focus on DeFi and decentralized credit networks, which are closely related to blockchain technology, though it does not explicitly mention a startup or the term 'blockchain'. The category 'DeFi' is chosen as it directly relates to the tweet's content about decentralized finance."
1360548938038747136,Mike Ho,https://x.com/MikeHo7777,https://x.com/x/status/1887111787876893038,2025-02-05T12:11:25.000Z,RT @julioboidi: ‚ÄúFungi Studio is the heart of everything we‚Äôre building. It‚Äôs not just a tool‚Äîit‚Äôs the foundation. The agent running things‚Ä¶,Tech,1,"The tweet does not mention blockchain or a startup directly, hence the low score. It refers to 'Fungi Studio' as a foundational tool, suggesting a tech context but without specific relevance to the criteria."
1872962726018134016,emmalouis,https://x.com/emmalouis592787,https://x.com/x/status/1887111787666932058,2025-02-05T12:11:25.000Z,"RT @DeepLinkGlobal: Here is a recap of the January DeepLink Integrations. Looking forward to more growth with our new partners. ü§ù

@Cuta_Ga‚Ä¶",Partnerships,3,"The tweet does not mention a startup or blockchain directly, but it talks about integrations and new partners, which suggests a focus on partnerships. The score reflects the absence of specific mentions of startups or blockchain, but acknowledges the growth and partnership context."
1693360871722930176,mGvnWMCSIY‚ù§ Memecoin,https://x.com/LillianaBe57898,https://x.com/x/status/1887111787515974052,2025-02-05T12:11:25.000Z,"The company Haust presents an L2 project in the GEM format.

‚ûú https://t.co/VitwAUVofD
   
B47G79a @nanook_eth @Crypto_Rango @Sheerboot_ @jiamixiaobaibai @Agentebego @SilasYayoi @_kancingbaju_ @RonBHammond @nagakingg @micho_el7",Blockchain,6,"The tweet mentions 'L2 project' which refers to a blockchain technology, earning +2 for mentioning blockchain. It also mentions 'the company Haust', adding +2 for mentioning a company. The score is adjusted to 6 due to the relevance of the L2 project in the blockchain context."
1856095995156934657,Muhammad Jirijees,https://x.com/MuhammadFr61520,https://x.com/x/status/1887111782080102898,2025-02-05T12:11:24.000Z,"We‚Äòre going to seee sooo much blues today that you‚Äòll be tired of blues!üôèüèΩüí∏

LETS GET ABOVE ALL ENTRIES üí∞

Join my channel for proper instruction 
#forextrading #goldsignal #xauusd #memecoin #crypto #signalgroup #community #usd https://t.co/t09i8QJxGj",Crypto,3,"The tweet mentions 'crypto' and 'memecoin', which are related to cryptocurrency, but does not specifically mention a startup or blockchain, hence the low score. The category 'Crypto' is chosen due to the direct reference to cryptocurrency trading and signals."
1886626166527942657,tina,https://x.com/tina92430771296,https://x.com/x/status/1887111780549197967,2025-02-05T12:11:23.000Z,"RT @MattShiller_: This is another goal of the @ponchiqs team!! üí•

One more proof of how well the team is doing, this project is going to be‚Ä¶",Startup,6,"The tweet mentions a team and a project, indicating it's about a startup. Although it doesn't explicitly mention blockchain, the context suggests it could be related to a tech startup, hence the score of 6."
1403657989312155648,Destealer,https://x.com/Destealer1,https://x.com/x/status/1887111780406579271,2025-02-05T12:11:23.000Z,"RT @tiennetwork: Any project that is formed has signs of fraud, but not with #ICE #ION, the @ice_blockchain team is working very actively,‚Ä¶",Blockchain,6,"The tweet mentions 'blockchain' and refers to a specific team '@ice_blockchain', which adds relevance. However, it does not explicitly mention a startup or company, thus not qualifying for the full score increase."
1868847897296420864,Sinha binte simu,https://x.com/SinhaBintesimu,https://x.com/x/status/1887111778615677076,2025-02-05T12:11:23.000Z,"@corechain_devs @Coredao_Org Have a look at 
@Eragon_gg
 
The next big web3 gaming platform and building in Aptos üòç
#Aptos
#web3game 
#Eragon",Web3 Gaming,6,"The tweet mentions a web3 gaming platform, which is relevant but does not directly mention a startup or blockchain, thus receiving a moderate score. The category 'Web3 Gaming' is chosen due to the focus on a gaming platform within the web3 ecosystem."
1562936805678202881,ROYSHILL,https://x.com/ROYSHILL100,https://x.com/x/status/1887111774031216917,2025-02-05T12:11:22.000Z,@tuiteris4idiots @CNCrypto100X $HODL is the most promising project in the crypto market,Crypto Project,6,"The tweet mentions '$HODL', which suggests a crypto project, earning +2 for blockchain mention. It does not explicitly mention a startup or company, but the reference to a 'project' implies a new venture, hence the additional +2 for relevance. The score is adjusted to 6 due to the promising nature of the project mentioned."
1877640429388132352,Michael Isichei,https://x.com/mike2_moi,https://x.com/x/status/1887111773955690822,2025-02-05T12:11:22.000Z,Don‚Äôt miss out on this amazing Web3 project! üåÖ Explore vibrant owl NFTs that blend art and meaning. Which captures your heart? ü¶â‚ú® Check it: https://t.co/STnnTgUhcZ #Solana #NFT #SolanaNFTs https://t.co/xZCmidEhoo,NFT Art,6,"The tweet scores 2 for mentioning a Web3 project and another 2 for mentioning Solana, a blockchain platform, though not directly as a startup. The category 'NFT Art' is chosen due to the focus on owl NFTs that blend art and meaning."
1455124024841887751,KaBaNa_Crypto_Central_News,https://x.com/MC_Kabana,https://x.com/x/status/1887111773293051984,2025-02-05T12:11:22.000Z,"RT @coke_pirate: More Fair Launches, More Utility for $XCAD

XCAD Social 2.0 is coming, but fair launches aren‚Äôt stopping üöÄ

üîπ More creator‚Ä¶",Blockchain,6,"The tweet mentions blockchain-related terms like 'fair launches' and '$XCAD', contributing to a score of 2 for mentioning blockchain. The reference to 'XCAD Social 2.0' suggests a project or platform, but it's not explicitly stated as a startup or company, hence no additional points for that."
1693326168697532416,Janetta Annemarie,https://x.com/JAnnemarie40201,https://x.com/x/status/1887111773066563674,2025-02-05T12:11:22.000Z,"New GEM project that complies with L2 standards #Haust.

‚ûú https://t.co/5vqWxvse0p
   
W61P6M8 @BKN168 @Tbamz_ @TrevorStephens8 @chubbychogger @TABASCOweb3 @clabon40 @_kabat_ @Tororo_Crypto @amandalanfair @Achilles1089",Crypto Project,4,"The tweet mentions a new project called 'GEM' and references L2 standards, indicating a blockchain-related project. However, it does not explicitly mention a startup or company, so the score reflects only the blockchain context."
1470294072808124419,ADEJOH üêê,https://x.com/AbdullahiIdaji2,https://x.com/x/status/1887111772391211108,2025-02-05T12:11:22.000Z,"RT @walme_io: Introducing Walme ‚Äì your multifunctional platform for managing crypto, fiat, and secure communications. We‚Äôre redefining the‚Ä¶",Crypto Platform,6,"The tweet scores +2 for mentioning a startup (Walme) and +2 for mentioning crypto, totaling 4. An additional +2 is added due to the context of managing crypto and secure communications, indicating a relevant platform in the crypto space."
1886358194966175744,Bela,https://x.com/Bela358204,https://x.com/x/status/1887111772152414639,2025-02-05T12:11:21.000Z,"RT @Dynamic_Apex: üî• The Countdown is Over! üî•
üöÄ Dynamic Apex is set to launch on @pumpdotfun! üöÄ

üóì Feb 8 | 8PM UTC
This isn‚Äôt just another l‚Ä¶",Crypto Launch,6,"The tweet scores +2 for mentioning a startup, Dynamic Apex, and +2 for implying blockchain context with the mention of a launch on a platform. The category 'Crypto Launch' reflects the tweet's focus on the upcoming launch of Dynamic Apex."
1799726978909536256,CryptoBullRun78,https://x.com/CryptoRun615,https://x.com/x/status/1887111770898141357,2025-02-05T12:11:21.000Z,"RT @miashigee: @SatoshiFlipper According to the projects it presents on $oGPU and the vision it draws, its current price is free. I recomme‚Ä¶",Crypto,1,"The tweet mentions $oGPU, which suggests a cryptocurrency or token, but does not explicitly mention a startup or blockchain, hence the low score. The category 'Crypto' is assigned due to the reference to a token."
1193997906023518208,Gyro Zeppeliüçé,https://x.com/Nvs_Gyro,https://x.com/x/status/1887111770772295772,2025-02-05T12:11:21.000Z,"RT @BILLIONSai_: $Morris ‚Äì The Guardian AI You Need

The crypto space is a battlefield, and security is the only defense. $Morris isn‚Äôt jus‚Ä¶",Crypto Security,2,"The tweet mentions 'crypto space' and 'security', indicating a focus on security within the cryptocurrency sector. No direct mention of a startup or blockchain company results in a lower score."
1691971318437249024,Janetta Zola,https://x.com/JanettaZol22466,https://x.com/x/status/1887111769136464036,2025-02-05T12:11:21.000Z,"Fresh GEM project that complies with L2 guidelines #Haust.

‚ûú https://t.co/PCOqpEdDgk
   
88jXQXy @WadsworthP @ilari33 @million_or_moon @DeFi_Land @Kusaderian @Ruben__Med @Briants23 @reboursand @Iri0o @Zuumeister",Project,2,"The tweet mentions a 'Fresh GEM project' but does not explicitly mention a startup or blockchain, resulting in a lower score. The category 'Project' is assigned due to the reference to a project that complies with L2 guidelines."
1876391287043313664,"graters_slits (‚ú∏,‚ú∏)",https://x.com/GSlits2757,https://x.com/x/status/1887111767521730958,2025-02-05T12:11:20.000Z,"RT @linera_io: ‚õìÔ∏è Gmicrochains. It‚Äôs been a monumental year for Linera.

As we wrap up 2024, we‚Äôre taking a look back at the milestones, pa‚Ä¶",Blockchain Startup,6,"The tweet mentions 'Linera', which is identified as a blockchain startup, earning +4 for the mention. The term 'microchains' further reinforces the blockchain context, but no additional points are added as the criteria are met with the startup mention."
1785020736773464064,BBHKüìÄ,https://x.com/BibHop_HK,https://x.com/x/status/1887111765227430220,2025-02-05T12:11:20.000Z,"RT @CCurrenzy: @Harold__Dillon @Thomas65XAM The CEO of @dimitratech , Jon Trask @dimitrajon is a Council Member for the World Agriculture F‚Ä¶",Agriculture,1,"The tweet mentions the CEO of Dimitra Tech, which is involved in agriculture, but does not explicitly mention blockchain or startup, hence the low score. The category is set to 'Agriculture' due to the reference to the World Agriculture Forum."
1655742441188900864,Lenita Lacey,https://x.com/LenitaLace55048,https://x.com/x/status/1887111758730473536,2025-02-05T12:11:18.000Z,"Haust presents a second-language project in the GEM format.

‚ûú https://t.co/EZENcN8CJk
   
8ERWcfk @complexNFT_ @crypto_karens @shadatofficial1 @yakionigiritown @CGF_Godfather @ChiiStaytrue @pmriviere @iamalphajallow @Andikarezz001 @aarlecchinooo",NFT,1,"The tweet does not mention a startup, blockchain, or a blockchain company directly, resulting in a low score. It references 'GEM format' and tags related to NFTs, indicating it's about an NFT project."
1690427864666054657,joe budi,https://x.com/JoeBudious,https://x.com/x/status/1887111758017372645,2025-02-05T12:11:18.000Z,"@MoonLamboio @bgarlinghouse People just wanted to hear their specific project or crypto announced. It's embarrassing how ""monty python's she's a witch"" the crypto crowd can get.",Crypto,3,"The tweet mentions the crypto crowd and their behavior, but does not specifically mention a startup or blockchain technology directly, hence the low score. The category 'Crypto' is chosen as it focuses on the general crypto community's reactions."
1850539392907321344,$Toly,https://x.com/TolyAI,https://x.com/x/status/1887111757761519841,2025-02-05T12:11:18.000Z,Ethereum's roadmap is a pipe dream. Solana is already delivering what others promise. We're not just building the future of blockchain - we're living it.,Blockchain,8,"The tweet mentions blockchain directly and compares Ethereum and Solana, indicating a focus on blockchain technology. It scores 6 for mentioning blockchain and implying a company (Solana), with an additional 2 points for the strong emphasis on blockchain's future."
1691961586783768576,NRyBGkolie‚ù§ Memecoin,https://x.com/lee_leila53769,https://x.com/x/status/1887111755668582563,2025-02-05T12:11:18.000Z,"The company Haust presents a second-language project in the GEM format.

‚ûú https://t.co/XuDReh74Ls
   
l82E8S9 @andreikml @ZaferZEYBEK2 @adityakrx @moneto__ @crypto_hir0 @lijalbi @lurenyi598581 @Orctep @flavorpill_art @vahe2021",Project,1,"The tweet does not mention a startup or blockchain explicitly, leading to a low score. It references a 'company' and a 'project' in the GEM format, which is why it is categorized as 'Project'."
1247432355058515968,-SH1NE-,https://x.com/sh1newow,https://x.com/x/status/1887111754196345277,2025-02-05T12:11:17.000Z,"@hammerResearch @Karan_0788 They ain't giving u 80% u only get 30-50% at max

Plus they are getting 80cr to build a dex where it cost like 1-3 cr at max

Stop giving them more money either way ur fucked 

And it's upto 2030 which means u can get crypto early",DEX,6,"The tweet mentions a decentralized exchange (DEX) and discusses funding, which implies a blockchain-related project. The score reflects the mention of a blockchain project but lacks a clear reference to a startup or company, hence a moderate score."
1885803996042162176,Chase Lucero,https://x.com/chase_luce39101,https://x.com/x/status/1887111749360554020,2025-02-05T12:11:16.000Z,We're witnessing a paradigm shift in traditional financial systems as DeFi protocols seamlessly integrate lending and borrowing capabilities within cryptocurre,DeFi,6,"The tweet scores 6 due to its focus on DeFi, which is closely related to blockchain, earning +2 for mentioning blockchain-related technology. The category 'DeFi' reflects the tweet's emphasis on decentralized finance and its integration into traditional systems."
1735570943588638720,bermanj,https://x.com/bermanj_fashion,https://x.com/x/status/1887111746055262577,2025-02-05T12:11:15.000Z,"RT @linera_io: ‚õìÔ∏è Gmicrochains. It‚Äôs been a monumental year for Linera.

As we wrap up 2024, we‚Äôre taking a look back at the milestones, pa‚Ä¶",Blockchain Startup,6,"The tweet mentions 'Linera,' which is a blockchain startup, thus qualifying for the +4 score for referring to a blockchain company. The category 'Blockchain Startup' is chosen due to the clear mention of Linera and its association with blockchain technology."
1454093073340792841,"88007.lensüõ∏(üíô,üß°)(üå∏, üåø)",https://x.com/5VO55ryJo4nLA2a,https://x.com/x/status/1887111745178603888,2025-02-05T12:11:15.000Z,"RT @worldofdypians: We‚Äôre excited to kick off the $50,000 $WOD Token Airdrop Campaign with @BinanceWallet, running until February 6!

Compl‚Ä¶",Blockchain,6,"The tweet mentions a token airdrop campaign and references BinanceWallet, indicating relevance to blockchain. It does not explicitly mention a startup or company, so the score reflects the blockchain mention but lacks the additional points for a startup or company."
1867438597244149761,Matthew Ayeni,https://x.com/ayeni23089,https://x.com/x/status/1887111740111917237,2025-02-05T12:11:14.000Z,"RT @klinkfinance: $Klink | Official Litepaper Release üì¢

As we approach our February TGE, we‚Äôre excited to release the $KLINK Litepaper, sh‚Ä¶",Blockchain Startup,6,"The tweet mentions a TGE (Token Generation Event) and a litepaper release for $KLINK, indicating it is related to a blockchain startup. The score reflects the mention of a blockchain startup and the upcoming TGE event."
1870802533154705408,FLOWLIGHT,https://x.com/8vVxpf61865,https://x.com/x/status/1887111733602320426,2025-02-05T12:11:12.000Z,"RT @CHedwig97812: Haust presents a second-language project in the GEM format.

‚ûú https://t.co/vxKZGxcMbN
   
4YcN0MY @JoshMichalski @ine_cr‚Ä¶",Education,1,"The tweet does not mention a startup or blockchain, focusing instead on a second-language project in the GEM format, suggesting an educational context. The score is low due to the absence of relevant keywords and the focus on educational content."
1456148819431854085,CryptoMoon,https://x.com/cryptoGlab,https://x.com/x/status/1887111728351088977,2025-02-05T12:11:11.000Z,"üö®Nice bounce back up on $SCARF! üöÄüî•

I don‚Äôt think this run is over yet‚Äîcommunity is strong, and we‚Äôre still holding 6,500+ strong!

Higher from here, IMO. üöÄüìà

ELdqGtj2MhejZzudGfz7b798si2Av5Asuw9ryEQSpump

#Crypto #SCARF #AltcoinSeason #wif https://t.co/4EPZCkIkjv",Crypto,1,"The tweet focuses on the performance of a cryptocurrency token ($SCARF) and community strength, without mentioning startups or blockchain explicitly, thus receiving a low score. The category 'Crypto' reflects the tweet's emphasis on cryptocurrency market trends and community support."
1686386265342783491,"aji pamungkas (√ò,G)",https://x.com/ajipamu28920901,https://x.com/x/status/1887111727986450755,2025-02-05T12:11:11.000Z,"RT @BondlinkFinance: üöÄ Get ready to take control of your finances! 

Bondlink is gearing up to launch‚Äîyour gateway to stability, rewards, a‚Ä¶",Blockchain Startup,6,"The tweet mentions Bondlink, which appears to be a blockchain-related startup preparing for a launch, earning +4 for referencing a blockchain startup. The score is adjusted to 6 due to the relevance and excitement around the launch."
1821794802800951296,rena,https://x.com/renakepick1,https://x.com/x/status/1887111718352065012,2025-02-05T12:11:09.000Z,"RT @1il1h: üö® Kanye West &amp; Solana üö® 

$YE Solana just followed Kanye West, and a new crypto project is heating up! üî•

üöÄ Pre-Sale LIVE ‚Äì Limi‚Ä¶",Crypto Project,6,"The tweet mentions a new crypto project and Solana, which adds relevance, but it does not explicitly mention a startup or a blockchain startup, hence the score is adjusted accordingly. The category 'Crypto Project' reflects the tweet's focus on a new cryptocurrency initiative involving a celebrity."
1590747251403390987,„Éê„É™„É•„Éº,https://x.com/9_value,https://x.com/x/status/1887111718033392015,2025-02-05T12:11:09.000Z,"RT @thelightjust: „ÄêCrypto Project„Äë

&lt;„Éó„É¨„Çº„É≥„ÉàÂÜÖÂÆπ&gt;
„Éª‰ªÆÊÉ≥ÈÄöË≤®(„Éì„ÉÉ„Éà„Ç≥„Ç§„É≥„ÄÅ„É™„ÉÉ„Éó„É´„ÄÅ„Ç§„Éº„Çµ„É™„Ç¢„É†)
„ÉªÁèæÈáë
„ÉªPayPay
„Éª„Ç¢„Éû„ÇÆ„Éï

„Åì„ÅÆ‰∏≠„Åã„Çâ20‰∏áÂÜÜÂàÜ„Çí3ÂêçÊßò„Å´„Éó„É¨„Çº„É≥„ÉàüéÅ

&lt;ÂèÇÂä†Êù°‰ª∂&gt;
„ÉªÊäïÁ®ø„Çí„Äå„ÅÑ„ÅÑ„Å≠RT„Äç
‚ÄªÂºïÁî®RT„Åó‚Ä¶",Crypto Giveaway,2,"The tweet mentions a giveaway involving cryptocurrencies like Bitcoin, Ripple, and Ethereum, but does not specifically mention a startup or blockchain technology in a business context, resulting in a low relevance score."
1442509768866754561,Leo_D_Crypto,https://x.com/Leo_D_Crypto,https://x.com/x/status/1887111717815038370,2025-02-05T12:11:09.000Z,"RT @Kaspa_BTB: Beyond the Blockchain: The Lore of Kaspa, is a community funded initiative developed to expand awareness of the Kaspa story‚Ä¶",Blockchain,6,"The tweet mentions 'Beyond the Blockchain' and 'Kaspa', indicating a focus on blockchain technology, hence the category. The score of 6 is derived from +2 for mentioning blockchain and an additional +4 for the context suggesting a blockchain-related project, though it's not explicitly stated as a startup or company."
1406757104,Omaira torrenegra,https://x.com/Omairatorre,https://x.com/x/status/1887111713033793947,2025-02-05T12:11:07.000Z,"RT @linera_io: ‚õìÔ∏è Gmicrochains. It‚Äôs been a monumental year for Linera.

As we wrap up 2024, we‚Äôre taking a look back at the milestones, pa‚Ä¶",Blockchain Startup,6,"The tweet mentions Linera, a blockchain startup, and uses blockchain-related terminology like 'microchains', justifying the 'Blockchain Startup' category. The score of 6 is derived from +4 for mentioning a blockchain startup and +2 for blockchain-related content."
1882959192157515776,Mary Davis,https://x.com/MaryDavis48295,https://x.com/x/status/1887111711154659556,2025-02-05T12:11:07.000Z,Crypto's unsung heroes are the DeFi architects quietly building bridges between traditional finance and a borderless tomorrow,DeFi,6,"The tweet does not mention a specific startup or blockchain directly but focuses on DeFi, which is closely related to blockchain technology, hence a score of 6. The category 'DeFi' is chosen as the tweet highlights the role of DeFi architects in bridging traditional finance and a borderless future."
1518671234237538304,Hung Mai,https://x.com/HungMai96156456,https://x.com/x/status/1887111709783121938,2025-02-05T12:11:07.000Z,"RT @NebulaStridePr: üö®ATTENTION! 

NST PRESALE HAS ALREADY STARTED!

NST tokens from the Nebula Stride project are on sale now - don't miss‚Ä¶",Blockchain Startup,6,"The tweet scores 4 points for mentioning 'NST tokens' and 'Nebula Stride project', indicating a blockchain startup. An additional 2 points were added as it is a presale announcement, increasing relevance."
1886358194966175744,Bela,https://x.com/Bela358204,https://x.com/x/status/1887111707056865355,2025-02-05T12:11:06.000Z,"RT @Diamondxbtee: The leading hub for DeFi innovation, @primex_official.

With the team revealing the project‚Äôs roadmap and upcoming plans,‚Ä¶",DeFi,6,"The tweet mentions DeFi and a specific project, @primex_official, which implies a focus on decentralized finance innovation. The score reflects the mention of a project in the DeFi space but lacks direct references to 'blockchain' or 'startup'."
